{"data": [
{"heartRate":{"average":87.900001525878906,"rrData":[12948]}},
{"heartRate":{"average":87.900001525878906,"rrData":[2531]}}
]}